index,valid,plate,customer_meaning,reviewer_comments,status,review_reason_code
22979,3,TYJUICY,THANK YOU TO MY DECEASED HUSBAND,PULLED FOR JUICY,N,1
8415,3,DUB JUKE,my nickname is dub. I own a nissan juke car.,dub can have a drug connotation,N,3
14100,0,PMD 14,MY SONS INITIALS AND HIS ATHLETIC NUMBER,14 = GANG NUMBER,N,2
2781,0,415M3,CALL CODE FOR WORK,415 AREA CODE,N,2
14733,3,DR DABS,NICKNAME,"DABS=BUTANE HASH OIL, DRUG CONNOTATION",N,7D
17064,2,U CUTEAF,"IT MEANS YOURE VERY CUTE AND THOUGHT MAYBE IF PEOPLE READ THIS, ID MAKE THEM SMILE AND MAKE THEIR DAY A LITTLE BETTER.",YOU CUTE AS FUCK,N,3
20206,3,31O HB,AREA CODE HERMOSA BEACH,310 = AREA CODE,N,2
3988,2,DMNBLUE,NO MICRO,DAMN BLUE,N,3
3813,0,SL9 8PW,NO MEANING ON QUICKWEB YET,"has 2 BMWs, I donâ€™t find a model number. Pulled for 8=ate and PW=pussy whipped",Y,1
20669,3,DOUGHHO,STUFFED BAKERY DOUGH MAKER,HOE,N,1
4802,2,SEXXER,NICKNAME FOR CAR (6-SERIES/ SIXER/ SEXXER),SEXER,N,1
19734,1,YOWMOMA,YO MOMMA,"YO MOMA, COULD BE TAKEN AS HOSTILE",N,2
19834,3,DRTYHRS,MUDDY 4X4 FORD BRONCO. BRONCO IS THE HORSE EMBLEM ON THE TRUCK,COULD HAVE SEXUAL CONNOTATION,N,1
6896,2,BADDA6O,SLANG FOR NICE ALTERED 1960,LOOKS LIKE BAD ASS 60,N,3
20144,2,BUD1956,NOT ON QUICKWEB,"BUD CAN MEAN MARIJUANA, NOT HIS NAME",N,7D
19231,3,MYOPUS1,MY CAR IS LIKE A FINE WINE.,"PUS CAN BE SHORT FOR PUSSY, SEXUAL",N,1
3506,2,818 CODE,NO MICRO,CA AREA CODE,N,2
9641,2,FTW DYNA,NO MICRO,FUCK THE WORLD,N,3
17032,1,NEGRA 50,"IT A 2017 FORD MUSTANG 5.0 AND ITS ALL BLACK, SO NEGRA IS BLACK IN SPANISH AND 5O ITS FOR 5.0",NEGRA,N,2
7244,2,NO PNDJO,FAMILY INITIALS,NO PENDEJO SPANISH CURSE WORD,N,2
13983,0,GSEA MDR,its my boat,"not sure of language, cant translate. Doesnâ€™t look like its my boat in Franch or German",N,2
1358,1,18 KWH,BATTERY CAPACITY OF THE VOLT,18-HITLER,N,2
15881,2,B HALLS,MY NAME,STAND ALONE B=BITCH (ALSO SOUNDS LIKE BALLS) CUSTOMER IS BRYAN HALL,N,3
14668,1,MOJO VAN,MY NICKNAME,MOJO?,Y,1
8528,2,H8N BMPS,"CAR IS LOWERED, CAR SCRAPES ON SPEED BUMPS",HATEN?,N,7
11971,2,DAF,MY KIDS FIRST LETTERS OF THERE NAMES,DOWN AS FUCK,N,3
3692,1,DARWIN14,NAME AND BIRTHDAY,14-HITLER,N,2
19314,3,SUBIE AF,THE CAR IS A SUBARU AND MY INTITIALS ARE AF,AF CAN STAND FOR AS FUCK (CUSTOMERS INITIALS ARE AF),N,2
17413,1,GRMAG,GRAMA LOVES HER GRANDKIDS,"G, GANG REFERENCE",N,2
21429,1,18BYH94,BRIAN YOSEF HINOJOSA 18/1994,"18, GANG REFERENCE",N,2
22366,2,DICKARD,NICKNAME MY BROTHER-IN-LAW GAVE ME,DICK HARD,N,2
7098,2,ONW2 FYB,ON MY WAY TO FIX YOUR BIKE,ON MY WAY 2 FUCK YOUR BITCH,N,7
22586,3,WAASSUP,WHATS UP...HOW ARE YOU DOING,ASS UP?,Y,3
21475,3,DRTYTYZ,OFFROAD DIRT TOYS FOR MY TRAILER,"DIRTY TOYS, COULD BE CONSIDERED SEXUAL",N,1
16505,0,JMPGC69,FAMILY LOGO,"PULLED FOR 69, (1969 FORD ON ANI)",Y,1
10382,0,K1ON51O,NO MICRO,510 CA AREA CODE,N,7
21328,1,FLAT6 9K,"FLAT 6 ENGINE IN PORSCHE GT3 THAT REVS TO 9,000RPM","69, SEXUAL REFERENCE",Y,1
9400,3,K SERO,NICKNAME,CAT,Y,2
17338,1,R8RDUKY,RUBBER DUCKY,DUKEY IS ANOTHER WORD FOR POOP,N,3
18651,1,LYV FISH,"THE OWNER IS A FISHERMAN AND SELLS LIVE FISH OFF HIS BOAT. ALSO HIS LAST NAME IS LYFORD, SO IT HAS A DOUBLE MEANING",FISH,Y,
20574,3,CRDKILR,CROWD CONTROL (MUSTANG JOKE),"KILLER, HOSTILE",N,2
953,0,69MC VET,NO MICRO,COULDNT VERIFY 69 VEHICLE,N,1
3637,1,COPNOPE,I DRIVE A RETIRED CROWN VICTORIA POLICE INTERCEPTOR AND I WANT TO EMPHASIZE THAT IM NOT A COP,COP,N,5
20513,1,IDO1214,WEDDING DATE,"14, GANG REFERENCE",Y,2
12752,1,MS14FEB,MISS VELENTINE,14 GANG REFERENCE,Y,2
10176,1,Y H8 ME,WHY HATE ME,HATE,N,7
18977,1,TCBLAMF,"TAKIN CARE OF BUSINESS LIKE A MO FO. - ITS JUST COOL, NO AFFILIATION TO ANYTHING. :)",MF,N,3
20207,3,6872 V14,"BIRTH YEARS FOR ME, WIFE, DAUGHTER",14 = GANG NUMBER,Y,2
1792,3,6EBELLE,NICKNAME,SEXY BELLE,Y,
16364,2,BYE PIG,LAST CAR WAS A GAS PIG (7MPG) EVEN NICKNAMED PIG .THIS ONE 27MPG SO BYE GAS PIG,PIG COP,N,5
15404,3,TAP D IN,TAPPED IN,COULD HAVE SEXUAL CONNOTATION,N,1
17975,2,BDASGRM,CELEBRATING OUR GRANDMA,BAD ASS GRANDMA,N,3
1285,2,1 MAD O,10 LUCKY NUMBER AND INITIALS MICHAEL AND ADRINE DANIELIAN,ONE MAD HOE(O),N,1
16662,3,OLDHAG,OLD WOMAN,"HAG, SOME MAY TAKE OFFENSE",N,3
10395,2,1 BAM F,1 BEAUTIFUL AMAZING MEXICAN FEMALE,BADASS MOTHER FUCKER,N,3
14398,3,13KH73B,MY FAVORITE NUMBER 13 AND MY BIRTH YEAR 73 AND INITIALS HB,13 = GANG NUMBER,N,2
19340,2,LUKYA55,LUCKY AT 55,LUCKY ASS,N,3
20116,3,LIT LAW,COMPANY NAME,LIT=HIGH OR DRUNK. CUSTOMER FIRST NAME IS LITLIT,N,7D
1922,0,30078Z1,ORIGINAL PLATE,LOOK A LIKE,N,
16980,3,BIOSKLR,INTERNET NICKNAME,KILLER,N,2
3158,2,DEWSHBG,NAME OF MY COMPANY,DOUCHE BAG,N,2
19331,1,39891,A NUMBER ASSIGNED TO ME BY MY JOB THAT IM VERY PROUD OF,ALL DIGITS,Y,6
14370,3,SMOKEUN,HUSBAND RETIRED FIREMAN. CAR IS GRAY THAT LOOKS LIKE SMOKE.,"SMOKIN, COULD BE DRUG REFERENCE",N,7D
3613,2,SKYHY,SKY IS A NICK NAME BECAUSE IM 65 TALL. HY FOR THE FIRST TWO LETTERS OF MY LAST NAME,SKY HIGH VERY HIGH,N,D
8266,1,OKAY CUH,OKAY FRIEND OR COUSIN,"CUH=CUZ, A CRIP (GANG) TERM",N,2
19272,1,5OACRES,50 ACRES OF LAND,"5O, POLICE REFERENCE",Y,5
1678,2,LOL PP,LOLLIPOP,LOL pp=peepee=penis,N,1
10761,2,889 88,NO MICRO AVAILABLE,88 HITLER REFERENCE,N,2
12218,0,WISL PIG,ITS IN HONOR OF MY DAD HO LOVD GROUNDHOGS,PIG = POLICE,N,5
11733,0,6SPDKAT,6 SPEED KAT,"CAT=PUSSY, HAS BMW NO CAT CAR",Y,1
22799,3,2 CREAMY,FAMILY NICKNAME,TOO ME IT SOUNDS SEXUAL,N,1
19080,1,O311 MM,MY HUSBAND WAS IN THE MARINE CORPS AND HIS MOS WAS 0311 AND HIS INITIALS ARE MM,LOOK  A LIKE,N,
15420,1,69ZOMBI,CAR MAKE AND MODEL,PULLED FOR 69,Y,1
17088,0,55P PTWN,THE CAR IS A 1978 MODEL YEAR PORSCHE 911 AND IN THAT YEAR IT WAS CALLED A 911SC,559 AREA CODE,Y,2
9208,2,PSTLROS,ICE CREAM SALES MAN,PISTOL,N,2
13890,2,TELLE B,WIFES NICKNAME,TELLE BITCH,N,
14001,0,AREE 88,NO MEANING ON REG 17,88 HATE SYMBOL,N,2
19367,3,HBGRL1 3,HUNTINGTON BEACH LOCAL GIRL,13 = GANG NUMBER,N,2
15902,3,LEO13H4,LEO MY SON 13 HIS DAY OF BIRTH H FOR HERNANDEZ 04 HIS FROM APRIL,13=GANG,N,2
14266,2,PHQDKHD,PHYSIQUE DUCK HEAD OREGON DUCKS FAN,"PHQ COULD STAND FOR FUCK AND DK COULD BE DICK, VULGAR TERMS",N,3
15780,1,WUTANNG,ITS A GROUP OF TALENTED MUSIC ARTISTS BACK IN THE EARLY 90S. MY FAVORITE GROUP.,TANG=PUSSY,Y,1
21673,3,BIGMO69,NICKNAME,PULLED FOR 69 Cant see ANI,N,1
10407,3,DR STANK,WIFE HAS A DOCTORATE IN EDUCATION AND STANK IS A NICKNAME,Urban Dictionary says it means whoreish trashy or stinky and can have sexual connotationsâ€¦?,N,2
2263,3,STIDFWU,STI IS MY CARS NAME FROM SUBARU. SUBARU STI AND DFWU MEANS I DONâ€™T WANT ANY TROUBLES,I DONâ€™T FUCK WITH YOU,N,3
21686,2,DVLMOBL,THE CAR IS A RAT ROD AND THE NAME IS DEVIL MOBILE,DEVIL MOBILE,Y,2
3982,1,AMF HTRS,ALL MY FAMILY HAS TWO RIGHT SHOES- WE ARE ALL BALLROOM DANCERS AND ITS AN INSIDE JOKE,HATERS,N,2
5517,2,FNH FAL,FAVORITE HISTORICAL FIREARM,FN FAL IS A SEMI AUTOMATIC RIFLE,N,2
1427,0,ABMK$14,FOUR FIRST LETTERS OF OUR FAMILY MEMBERS AND 14 FOR THE YEAR OUR YOUNGEST WAS BORN,14-HITLER,N,2
1737,0,73CMNDO,NO MICRO,CAMANDO,N,1
16824,3,BEES HUM,"HONEY BEES HUM, AS IN SINGING",HUM CAN HAVE SEXUAL CONNOTATIONS,N,1
6200,2,CANABCH,"name of my company: cannabeach, llc",cannabeach is a medical marijuana delivery service,N,3
8480,2,CAZZO,OUR FAVORITE RESTAURANT IN DALLAS,ITALIAN FOR FUCK,N,3
4195,3,69CUDIE,FOR MY 1969 BARRACUDA,COULDNT VERIFY 1969. CUDIE..SEX,N,1
14707,2,BUBZS,SONS NICKNAME,BOOBS,N,1
15665,2,FADYNP,FADY NP,COULD BE FATTY NIP (NIPPLE),N,1
12177,2,HY ROLER,NAME OF THE VEHICLE ITS GOING ON. ITS A CUSTOM LIFTED VEHICLE. HIGH ROLLER,HIGH ROLLER COULD BE DRUG REFERENCE,N,7D
20364,1,GSLILCR,GLORIA SASSES LITTLE CAR,"GS LITTLE CAR G, GANG REFERENCE",N,2
7887,1,RSQKTY,rescue kitty,"kitty=pussy, no cat car. this is a Pet plate, she has FERALV now on a Pet plate",Y,1
7935,2,WET WLYS,WE HAVE A JEEP WILLYS,WET WILLYS,N,1
21247,3,SHIV OO1,"NAMED AFTER MY SON, WHOSE NAME IS SHIV. WE WOULD LIKE TO GIFT HIM THIS LICENSE PLATE AS A LIFETIME MEMORABILIA BY NAMING OUR FIRST LUXURY CAR AFTER HIS NAME.","SHIV = HOMEMADE KNIFE, COMMONLY USED PRISON TERM (SHIV, SHIV1, SHIV2 are released.)",Y,2
18421,2,JDUBS,MY CAR NICKNAME....,"DUB, DRUG REFERENCE",N,7D
37,2,MI HYNA,NO MICRO AVAILABLE,GANGSTER GIRL OR CHOLA,N,2
8246,1,LOCO8N1,CRAZY 8,LOCO=CRAZY,Y,2
3978,2,KLR 65OE,NO MICRO,"650 AREA CODE, KILLER",N,2
3058,0,CHILA 18,NICKNAME,18 HITLER REFERENCE,N,2
15977,3,EL CHOPR,NICK NAME,"THE CHOPPER, HOSTILE",N,2
7080,2,2TITG1B,TOO TIGHTâ€¦.GONNA GO 1ST BEST (IN SHOW),TIT-LIKE BREAST?,N,1
18166,2,BKICKER,ITS THE NAME OF MY HOME INSPECTION COMPANY: BRICKKICKER,"KICKER OR LOOKS LIKE B, KICK HER",N,
8539,2,IFUWKIT,IF YOU WORK IT,I FUCK WITH IT,N,3
21125,1,GUEROSI,FAMILY NAME,GUEROSI (Customers name is Rosales.,N,
21536,0,GT VAPE,ITS MY COMPANYS NAME,PULLED FOR VAPE,Y,7D
762,2,GASSSUC,GAS POLLUTES THE ENVIRONMENT,GAS SUCKS,N,3
16645,2,HLYWDHI,I GRADUATED FROM HOLLYWOOD HIGH SCHOOL,"LOOKS LIKE HOLLYWOOD HI, DRUG FEREFENCE",N,7D
15312,1,PDEWAGN,PADY WAGON,PADDY WAGON = POLICE VAN,N,5
12634,3,TRILL OG,TRILOGY,OG = ORIGINAL GANGSTER,N,2
11645,1,6939OC6,69/ YEAR OF TRUCK 1969 390/ ENGINE SIZE. C6/ TRANSMISSION TYPE,LOOK A LIKE,N,6
17080,1,1776US1,AMERICAN INDEPENDANCE,LOOK A LIKE,N,6
19955,2,N54GANG,"N54 IS THE NAME OF THE CARS ENGINE, N54GANG IS AN INSTAGRAM ACCOUNT.","GANG, GANG REFERENCE",N,2
22117,2,MLUVSTX,MELISSA LOVES TONI XANAYA,"LOVE STICKS, SEXUAL REFERENCE TO A PENIS",Y,1
12816,2,DEEPRED,"CAR IS DARK RED, OFTEN CALLED DEEP RED.","RED, GANG REFERENCE (OR POLITICAL?)",Y,2
575,1,KATHELL,HELL CAT IS NAME OF OUR MODEL CAR,"no dodge on ani, hell",N,3
17783,2,LOVE BJ,I LOVE BEIJING,LOVE BJ BLOW JOB,N,1
21377,0,OL 5O,ITS FOR A 1950 PACKARD,"5O, LAW ENFORCEMENT REFERENCE",Y,5
17901,2,BETHE B,NO MEANING ON REG 17,BE THE BITCH,N,3
23156,3,ICEUP,ICE UP MEANS STEP YOUR GAME UP,ICE IS ANOTHER WORD FOR DRUGS,N,7D
19865,3,PWNED13,VARIATION OF THE WORD OWNED. IMPLIES DOMINATION AND MY DATE OF BIRTH IS THE 13TH,13 = GANG NUMBER,N,2
4961,2,MUFAXUH,LONG HAIR JUST LIKE THE LION FROM LION KING,MOTHER FUCKER,N,3
18393,2,ARCE,MY NAME,"SIMILAR TO ARSE, ANOTHER WORD FOR ASS",N,1
10367,1,8O8POKE,HAWAIIN STYLE POKE,POKE-SEXUAL?,N,1
15061,1,75TH JP,75TH ANNIVERSARY JEEP,JP LOOKS LIKE JEEP OR JAP,N,
6745,3,HITMAN,"IN MEETING MY PERSONAL GOAL OF OWNING A LINCOLN MARK V, HITTING THE MARK!",KILLER,N,2
22846,1,88BURNZ,NUMBER AND NAME OF FAVORITE SAN JOSE SHARKS PLAYER,"88, GANG REFERENCE",N,2
1247,2,WSUPESE,WHATS GOING ON MAN,WHATS UP ESE GANG SLANG?,N,2
9530,1,RED TOP,"REFERENCE TO COMPANY, RED TOP SPORT CENTER IN STOCKTON CA.",RED-GANG COLOR. IT IS A BUSINESS,Y,7
21618,3,CRYRMOB,CRYER FAMILY,MOB=CRIME FAMILY OR MEMBER OF BLOODS Cryer is family name,N,2
13542,3,DINAN AF,THIS PLATE WILL BE GOING ON TO A RARE BMW THAT WAS BUILT BY DINAN AUTOMOTIVE FIRSTS,AF = AS FUCK,N,3
13796,1,BLK PC,BLACK PORSCHE CARRERA,BLACK P C,N,
1408,3,MUTANT G,"THE PLATE REPRESENTS A CUSTOMIZED VEHICLE BASED ON A TV ANIMATED SERIES, TEENAGE MUTANT NINJA TURTLES",G=GANGSTER,N,2
2131,2,FIGHTS,BUSINESS,FIGHTS=VIOLENCE,N,2
6111,3,BRYTBLU,BRIGHT BLUE,BLUE- GANG COLOR,Y,7
11703,2,CHEEEX,NICKNAME FROM DECEASED GRANDMOTHER,CHEEKS=ASS,N,1
17826,3,BCH4YOU,IM A REAL ESTATE AGENT WHO SELLS BEACH PROPERT,BEACH FOR YOU OR BITCH FOR YOU,N,2
7345,2,HAT3,no quickweb,"HATE (not a lookalike or sub, customer last name is Hatfield)",N,2
20098,2,BLK SVGE,THE COLOR IF THE CAR AND REPRESENTS WHAT IVE BEEN THROUGH IN LIFE. A STRONG PERSON.,SAVAGE=A CRUDE OR UNCIVILIZED PERSON; A FIERCE OR VICIOUS PERSON,N,2
9828,0,1968 U14,NO MICRO AVAILABLE,14 GANG REFERENCE,N,2
14210,2,HIF4LFE,HEARTS IN FOCUS FOR LIFE,HI FOR LIFE,N,7D
1779,2,UTRA GNZ,no micro,UTRA GNZ(GUNS),N,
8099,2,RUSSO13,LAST NAME AND FAVORITE NUMBER,RUSSO=RUSSIAN 13-GANG,N,2
7260,1,BLK911S,THE MAKE OF MY CAR IS A PORSCHE.  THE COLOR IS BLACK.  THE MODEL IS A  911S.,BLACK 911,Y,2
14393,1,YRU1 2H8,WHY ARE YOU ONE TO HATE,WHY ARE YOU ONE TO HATE,N,2
13290,2,AGENCYG,I RUN A COMPANY CALLED THE AGENCY AND MY LAST NAME STARTS WITH G,"AGENCY G, GANG REFERENCE",N,2
13661,0,J13BON,J - GERMAN FOR YOUNG 13- AGE I STARTED BONSAI BON- BONSAI ARTFORM,13 GANG REFERENCE,N,2
11604,0,JG13ZL1,NAME AND MAKE,13 GANG REFERENCE,N,2
1030,0,88LDYM,NO MICRO,88-HITLER,N,2
20231,1,ST4R W4R,STAR WARS,STAR WAR IS  MARKED UNACCEPTABLE,N,2
2734,0,ANNSBCH,NO MICRO,ANNS BITCHâ€¦ANNS BEACH.. NOT ON COASTAL,N,3
6320,2,4QIDGAF,LIFE IS SHORT,IDGAF-I DONT GIVE A FUCK,N,3
1095,2,YUGO G,CARS NAME,YOU GO G AS IN GANGSTER,N,2
4083,1,NNJA HLR,NINJA HAULER,NINJA ALSO ANOTHER FOR NIGGA ..,Y,2
23052,2,COMEONB,WIFES NAME IS BRENDA. I CALL HER B  FOR SHORT.,COME ON B = BITCH,N,3
3917,2,C ME 4MJ,I WORK FOR THE MAUI JIM SUNGLASS COMPANY,SEE ME FOR MARY JANE,N,D
23209,1,UR MVN,YOU ARE MOVING. I AM A REALTOR,"YOU, COULD BE HOSTILE",Y,2
14045,2,SCHIZAH,THIS IS MY NICKNAME.,SHIT IN GERMAN,N,3
16633,2,DFIESTA,CAR MODEL,"THE D COULD STAND FOR DICK, DICK PARTY",N,1
4903,0,IDGT714,FAMILY INITIALS,714 AREA CODE(too many ANI),N,2
4866,2,PIMPJCE,THE NICKNAME MY FATHER GAVE THE CAR WHEN I BROUGHT IT HOME,PIMP JUICE. A NELLY SONG. A DRINK. MOJO,N,2
20060,2,DNAZZTY,NICKNAME,D(DICK?) NASTY,N,1
7029,1,CUDA 7T,1970 CUDA,CUDA SLANG FOR VAGINA,Y,1
10782,2,FUCKK IT,MY DAUGHTERS PET NAME,FUCK IT,N,3
17173,0,YE2TH 13,NICKNAME AND BIRTHDATE,13=GANG NUMBER,N,2
9476,2,MALIBU G,NO MICRO,MALIBU G-GANGSTER,N,7
4512,0,WSUC$UG,(WSU)=WASHINGTON STATE UNIVERSITY ; (C*UG)= SCHOOL MASCOT IS THE COUGAR.,SUCK,N,2
9097,2,5PTHOE,5 BECAUSE IM THE 5TH CHILD. PTH IS MY MOMS INTIALS AND OE IS MY DADS,5 POINT/PATH HOE-WHORE.,N,3
4174,1,MNT CHP,MINT CHIP ICE CREAM,MINT CHIPâ€¦. CHP,N,5
19170,2,SMOKY,MY NICKNAME,SMOKY,N,
22527,2,JONKY,JOHN KINGSLEY,JUNKY?,N,7D
2563,2,CRP INS,CALIFORNIA REVOLVER AND PISTOL INSTRUCTION,CRIP,N,2
2522,0,11O4DGO,NO MICRO,DGO LOOKS LIKE DIEGO,N,2
19831,1,DEAD1CO,DEAD AND CO IS THE NAME OF A BAND I LOVE,PULLED FOR DEAD,N,1
7266,1,FLIPN RE,FLIPPING REAL ESTATE,FLIPPIN AS N FUCKIN,N,3
22146,1,8183,BIRTH YEAR OF HUSBAND AND MYSELF,ALL DIGITS,Y,6
8460,0,HMSTRKR,no quickweb,STRIKE HER?,N,2
6941,0,$BOHDI8,TREE OF AWAKENING,LOOKS LIKE 18 HITLER REFERENCE,N,2
9614,2,BONGSKE,ALIAS,BONG-WEED,N,7
22587,1,13PSALM,RELIGIOUS,13 = GANG NUMBER,N,2
16861,2,OPD6M52,DEPARTMENT NAME,"OPD=OAKLAND POLICE DEPT, THE REST COULD BE A BADGE NUMBER (?)",N,5
15050,2,1PXIDST,OUR DOGS NAME,PIXIE DUST COULD MEAN TINKERBELL COULD MEAN DRUGS,N,
4563,3,OG LARAM,ORIGINAL LOS ANGELES RAMS FAN,OG=ORIGINAL GANGSTER,Y,2
17223,3,JWLUV13,J W LOVE  13 FAVORITE NUMBER,13 = GANG NUMBER,N,2
12309,3,PUMPGUY,I AM AN ENGINEER WHO DESIGNS AND SELLS MUNICIPAL PUMPS- ALSO CONSULTS ON PUMP OPERATIONS- I AM THE PUMP GUY,PUMP GUY SEXUALL REFERENCE,Y,2
18473,3,FORDFX,MODEL OF MY CAR,FX COULD STAND FOR FUCKS,Y,3
22491,2,#C4 28K,THIS IS MY AMPARTMENT NUMBER IN MY HOMETOWN,C4 EXPLOSIVE,N,2
659,2,GTFO1O1,GOOD TIMES FOR OUR 101,GTFO=GET THE FUCK OUT 101,N,3
641,2,6VISIX,MY BIRTHDAY,666,Y,4
1132,0,KAMAL 14,MY SON NAME AND HIS YEAR OF BIRTH,14 GANG REFERENCE no 2014 on record,N,2
7674,1,4A12K88,NAME AND BIRTHDATE,88-HITLER. NAME AND BIRTHDATE VERIFIED,N,7
17402,2,DOCVAJJ,KIDS NAMES,"DOCTOR VAGINA, SEXUAL REFERENCE",N,1
2187,0,ZH2O46O,FIRST PLATE ISSUED TO A PORSCHE 356 IN SWITZERLAND,IS THIS A TRAILOR,N,
4189,0,YK69NYJ,YK NICKNAME. 69NYJ IS FAVORITE TEAM AND YEAR,COULDNT VERIFY 1969,N,2
4369,0,IVREE88,REFERS TO THE NUMBER OF LEYS ON A PIANO.,88=HATE SYMBOL. TRUE ABOUT PIANO KEYS,N,2
16789,3,1JMV69,MY INITIALS AND BORN YEAR,"69, SEXUAL REFERENCE",N,1
20438,1,SUGAR88,SUGAR IS MY DADS NICKNAME FOR ME. THE NUMBER 88 WAS MY YOUNGER BROTHERS FOOTBALL JERSEY NUMBER. HE PASSED AWAY SEVERAL YEARS AGO AND HIS NUMBER IS SPECIAL TO ME.,"88, GANG REFERENCE",N,2
9153,2,MPG AF,I DRIVE A TOYOTA PRIUS AND I GET A LOT OF MPG. I LIKE TO DRIVE AND TRAVEL AND ITS ALWAYS FUN GETTING GOOD MPG,MPG(MILES  PER GALLON?) AS FUCK!,N,3
4516,1,ILS LOC,AVIATION APPROACHES LETTERS   ILSLOC IS INSTRUMENT LANDING SYSTEM LOCALIZER FOR PILOTS,LOC AS GANG REFERENCE,N,2
5512,3,DOPE MK6,MK6 IS THE TYPE OF CAR I HAVE.,DOPE=DRUG OR DOPE=COOL,Y,D
8867,2,ZRO5ONE,NAME OF MY TACTICAL TRAINING/GUN DEALER BUSINESS-ZERO5ONE TACTICAL LLC,051 YM (YOUNG MONEY) SEEMS GANG RELATED THROUGH GOOGLE SEARCH,Y,2
20504,3,BON3SAW,THIS IS MY NICKNAME AND COMES FROM SPIDERMAN MOVIE,"BONESAW, SOME MAY FIND IT OFFENSIVE (BONESAW LISTED AS UNACCEPTABLE)",N,2
7079,1,WOODIE4,MY LAST NAME AND THE NUMBER OF PEOPLE IN MY FAMILY!,SPELLING OF LAST NAME BUT WOODY CAN BE A ERECT PENIS,N,1
13928,3,5IVEOHH,THE ENGINE TO MY CAR IM GETTING THESE FOR IS A 5.0,FIVE-0=COP REFERENCE,N,
20021,2,2 SICK5O,OWN A MUSTANG,FIVE-0=COP REFERENCE,N,5
13011,1,BKBUUTY,BLACK BEAUTY (TRUCK),BK = BLOOD KILLER,N,2
9740,2,MUDKITI,NO MICRO,DIRTY KITTY?,N,1
8271,2,1 BOLBOL,my nick name,Tagalog word means testicles,N,1
12055,1,YUHAYTN,WHY YOU HATING,"HATE, OFFENSIVE",N,2
11253,2,JAPJIT,MY SON NAME,"PULLED FOR JAP, RACIALLY DEGRADING TERM (JAP SHIT?)",N,2
12344,2,BACINGA,NICKNAME,CAN MEAN FOOLED YOU WHEN JOKING AROUND AND PLAYING PRANKS ON PEOPLE BUT IT CAN ALSO MEAN COCK SUCKER IN GERMAN,N,
2554,3,BLUESTN,MY BUSINESS NAME,BLUE STONE,Y,2
15763,0,RCOCHO 8,FRIENDSHIP BOND,"GOOGLE SAYS COCHO CAN MEAN SHIT/FUCK/VAGINA IN SPANISH, AN ALL PURPOSE CURSE WORD. (COCHE=CAR)",N,3
5584,0,X6 BFM,"X6 JUST CAR TYPE, AND REST OF LETTER DO  NOT HAVE MEANING.",BFM= BILL FUCKING MURRAY,N,3
3559,2,NWA IE,COMPANY NAME,NWA,N,2
19864,3,PUBER,LIKE UBER BUT PUBER. MY NAME IS PETER AND I DRIVE EVERYONE AROUND LIKE UBER.,PUBE,N,1
11414,3,KNKLS UP,KNUCKLES UP  THE NAME OF MY OFF ROAD GROUP..  YOUR KNUCKLES ARE UP WHEN RIDING  DIRT BIKES,PREPARE TO FIGHT,N,2
15604,1,THREEPR,3 PERCENTER,"REEPER, SOME MAY FIND OFFENSIVE",N,2
17507,0,DHAMI88,LAST NAME AND FAVORITE NUMBER,"88, GANG REFERENCE",N,2
2622,3,G BEAST,GUSTAVOS BEAST,G AS IN GANGSTER,N,
12963,0,8168O,JERSEY NUMBERS FOR SAN FRANCISCO PLAYERS STEVE YOUNG JOE MONTANA JERRY RICE,ALL DIGITS,N,6
4846,2,YE4PLAY,YE IS MY SON. 4TH KID THAT PLAYS SPORTS,YEA PLAY OR YEA FOREPLAY,N,1
11430,0,OGRCHK3,03 GRAND CHEROKEE,OG ORIGINAL GANGSTER,Y,2
1617,3,LIT,BASICALLY MEANS AWESOME OR COOL LIKE THAT IS COOL.. THAT IS LIT,LIT CAN MEAN HIGH OR DRUNK,N,D
3368,3,AJNDRVR,"I AM A FATHER OF THREE ADAM, JESSIE AND NIKKI WHOM I AM ALWAYS CARTING TO SCHOOL PRACTICE MOVIES AND DINNER.",LOOKS LIKE ASIAN DRIVER,N,2
6259,1,FDGNEMO,NEW CAR ORANGE (FINDING) NEMO FAN,FUDGE CAN BE SLANG FOR FUCK,N,3
2944,3,AMERI AF,PATRIOTICâ€¦.. AMERICAN,AS FUCK,N,3
18959,2,CTM 72,nickname,EITHER CONCHA DE TU MADRE ( YOUR MOTHERS PUSSY) OR URBAN DICTIONARY SAYS: CONCHE TU MADRE=MOTHER FUCKER (its not his initials),N,3
9806,2,69BSTNG,1969 DODGE SUPER BEE BEE STING,69 SEXUAL. (BEASTNG?),N,1
12339,1,FLIPNLA,HOUSE FLIPPING,FLIPPIN LA,N,3
22837,1,JS4LUCY,JUST FOR LUCY,"J COULD STAND FOR JOINTS, JOINTS FOR LUCY",Y,7D
19719,2,RCO4FBI,INITIALS/BIRTHDATE/AND 3 CHARACTERS OF FROM MY FIRST LICENSE PLATE,"RICO(LAW) 4 FBI, LAW ENFORCEMENT REFERENCE",N,5
1052,2,TS 13,NO MICRO,13-GANG,N,2
7166,1,BLZ EYE,BULLS EYE,BULLS EYE LIKE TARGET PRATICE LIKE TO SHOOT?,Y,2
22139,2,ZEUS666,FAMILYS TRADITION,ZUES 666(DENOTES EVIL),Y,2
2228,0,# MJF 88,NO MICRO,88-HITLER,N,2
1740,2,FMLY CAT,NO MICRO,FAMILY CAT,N,2
1091,1,FSTRIDE,FAST RIDE,FAST RIDE,Y,2
22503,1,BLUCRZY,STANDS FOR BLUE CRAZY. MOTORCYCLE IS BEAUTIFUL BLUE.,BLUE,Y,2
4947,1,98 BEAVR,"I OWN A 1998 BEAVER MARQUIS DIAMONTE, ONLY 30 MADE",BEAVER SEXUAL REFERENCE,Y,1
12270,0,18SMB,OUR FAVORITE NUMBER AND OUR INITIALS,18 GANG REFERENCE,N,2
2463,2,69 PRIMO,ONLY ONE 1969 CAMARO,69=SEXUAL PRIMO=PRIME?,N,1
5135,3,TOR HMR,MIDDLE NAME AND NORDIC GOD,HMR HUMMER,Y,1
4627,0,BRAPP88,ROTARY ENGINE NOISE BRAPP BRAPP 88= 8= WEALTH,COULDNT VERIFY 1988 VEHICLE,N,2
2568,2,FXXK IT,EFFECT IT,FUCK IT,N,3
12765,2,UEMEFER,YOU AND ME FOR EMERGENCY ROOM,YOU MOTHER FUCKER,N,3
14915,1,RDNKBMW,RED NECK BMW,REDNECK BMW,N,2
22741,1,KATS T,WIFE NAME AND T FOR TESLA,"CAT, COULD BE CONSIDERED SEXUAL",Y,1
18167,2,FUCCGRL,FOR MY DAD,FUCK GIRL,N,
9553,3,USQUIRT,POKEMON CHARACTER,SQUIRT CAN BE SEXUAL,N,1
2089,2,LIT ASF,LOST IN TRANSITION AND SO FORTH,LIT AS FUCK,N,"3, D"
12083,1,SAWCY,SAUCEY,"SAUCEY CAN MEAN DRUNK, COULD BE OFFENSIVE",Y,7D
8801,3,4FNSIZE,NICKNAME,FN-FUN SIZE,N,3
5630,1,BORN N14,BORN IN 2014,14. BORN IN 14.,Y,2
7271,3,IVAN G,MY NAME,GAS IN GANGSTER,N,2
21840,0,GALA88,GALA 88,"88=HATE SYMBOL, NO 88 CAR ON ANI",N,2
18135,2,S3MWFYB,SHAWN ET MARIE WILL FOREVER YEARN BEYOND,MY WAY FUCK YOUR BITCH,N,
6994,3,FEAR13,MILITARY NICKNAME AND LUCKY NUMBER,13-GANG,N,7
17664,1,MMEOW,MEOW,SEXUAL REFERENCE,Y,1
8898,1,TVTOY14,TEMECULA VALKLEY TOYOTA 14,"13 GANG REFERENCE, CUSTOMER ALSO ORDERED OTHER PLATES WITHIN THE SEQUENCE TEMECULA VALKLEY TOYOTA 13,15,16",Y,2
3651,2,PHUQYUU,ANCIENT THAI PROVERB FOR HEATH AND VITALITY,FUCK YOU,N,3
3209,1,BIG WJ69,BIG [INITALS] 69,BIG (CUSTOMERS INITIALS) 69. COULDNT VERIFY 69 VEHICLE,N,1
13527,1,TRLR KAT,TRAILER CAT,KAT COULD HAVE SEXUAL CONNOTATION,Y,1
7884,2,BANGUM,NO QUICKWEB,BANG=SEX/FUCK UM=THEM,N,1
247,1,CHIHOE,THIS IS MY LEGAL FIRST NAME,"PULLED FOR HOE, THIS IS HIS REAL FIRST NAME",N,1
12967,2,9246O,"MY WIFE AND I WERE MARRIED ON SEPTEMBER  24, 1960",JUMBLE OF 69 AND 420,N,6
5987,0,ERYKITA,LATIN WORD,KITTY-VAGINA? COULDNT FIND HIS LATIN WORD BUT GOOGLE IMAGE SHOWS SCANTLY CLAD WOMEN.,N,1
17305,3,FUCF,FIGHT UNTIL CURE FOUND.,FU STANDS FOR FUCK YOU,N,3
19667,0,GAMY$13,GRANDMA LOVES 13,13 GANG REFERENCE,N,2
13230,2,LA PICA,nickname,pica means cunt in Czech,N,3
18713,3,DMNWTHN,THE MAN WITHIN,DEMON WITHIN,Y,2
8451,2,BEACHO,personal nick name,BICHO means penis in puerto rican slang,N,1
15069,1,REDSPD,MY CAR IS A RED MAZDASPEED 3,RED,Y,
1826,2,WTFBRAH,WHAT THE FREAK? HEAVILY MODIFIED LIFTED TRUCK. SEEMS LIKE A GOOD LAUGH.,WHAT THE FUCK BRO,N,3
11474,1,MUFTA,MUFTA MEANS NO POINT,SEXUAL AND MEAN REFERENCE,Y,1
10967,3,HUNEEZ B,HONEYS B,B=BITCH,N,3
6953,0,CUTCO88,I STARTED SELLING CUTCO IN 1988,HITLER REFERENCE,N,2
19780,0,MYM13CA,FIRST NAME LETTERS BIRTHDAY NUMBER AND FIRST LETTERS OF LAST NAME,13 GANG REFERENCE,N,2
13262,0,88K95K6,PERSONAL NUMBER,"88=HATE SYMBOL, NO 1988 CAR",N,2
10640,1,CHAMP14,KEVIN HARVICK NASCAR CHAMP 2014,14-HITLER,N,7
13452,3,WFTDAD,WIRE FOX TERRIER DAD,WFT LOOKS TOO SIMILAR TO WTF WHICH STANDS FOR WHAT THE FUCK,N,3
6551,0,916IPMC,IRON PIG LAW ENFORCEMENT MOTORCYCLE CLUB,SACRAMENTO AREA CODE,N,7
5195,2,KOCHINA,NO MICRO,"COCHINA-DIRTY, LOUSY, SOW",N,2
16478,1,DBOMBSS,DBOMB=THE BOMB = GOOD LOOKING 96 IMPALA SS,PULLED FOR BOMB,N,2
250,0,CPSLO 13,"CAL POLY SAN LUIS OBISPO, GRADUATION 2013","13 CAN BE A GANG NUMBER, NO 2013 CAR",Y,2
3742,2,KRAZEK9,DOG CRAZY,CRAZY DOG,Y,2
22341,1,XCOP TOY,EX-COP TOY,COP,N,5
19582,1,LVT DRTY,WE LOVE USING OUR SUV FOR OFFROADING/CAMPING. ITS OFTEN DIRTY FROM THE DIRT ROADS.,"SEXUAL? NO JEEP, DOES HAVE AN SUV AND A PLATE ALREADY THAT SAYS BEAVER7â€¦",Y,1
3393,0,MESA909,LAST NAME AND AREA CODE,909 AREA CODE,N,2
16473,0,CHF BUNZ,NAVY CHIEF AND NICKNAME,PULLED FOR BUNZ,N,1
758,1,FJ$TACO,TOYOTA FJ CRUISER AND TOYOTA TACOMA,TACO CAN BE SANG FOR VAGINA. THEY DO OWN 3 TOYOTA,N,1
16721,1,YOULIVE,YOU LIVE,"YOU, HOSTILE",Y,2
18279,0,13 MALHI,MALHI STANDS FOR MY LAST NAME AND THE NUMBER 13 IN MY LANGUAGE IS REPRESENTING MY LAST NAME,13 = GANG NUMBER,N,2
13875,3,SCLBUZZ,BLACK YELLOW FAMILY JEEP(BUMBLE BEE),BUZZ HIGH,N,
15000,2,IDGAF XO,FAMILY NAME,I DON'T GIVE A FUCK KISSES HUGS,N,
3604,1,NOBDYMV,NO BODY MOVE,NOBODY MOVE TERM USED DURING A STICK UP OR CRISIS,N,2
14731,1,5STAR HH,5 STAR HOME HEALTH,HH=HEIL HITLER,N,2
942,2,FN KWIK,FUN AND QUICK,FUCKIN QUICK,N,3
2342,2,MOS DOPE,ANOTHER WAY TO SAY COOL OR NICE.,MOST DOPE=GOOD,N,D
16107,1,APPLPIE,APPLE PIE,APPLE PIE,Y,
12170,2,DAM DXTR,DAM DEXTER I NAMED MY CAR DEXTER,DAMN DEXTER,N,3
17697,1,LVE HYB,love for hyrbrid cars,LOVE HIT YOUR BITCH,N,2
9611,0,REDFURY,IT IS A FEELING THAT DOESNâ€™T LAST LONGER,"RED, GANG COLOR",N,2
15379,1,MMEOWWW,CAT LOVER,COULD HAVE SEXUAL CONNOTATION,Y,1
12350,0,BLANGER,"HIGHSCHOOL NICKNAME, COMBINES MY FIRST  AND LAST NAME",CAN BE USED AS A DEROGATORY TERM FOR A POLICE OFFICER,N,
22650,0,16 NEGRA,COLOR AND YEAR,"NEGRA, CLOSE TO NEGRO, COULD BE CONSIDERED RACIST OR OFFENSIVE",N,2
12939,0,1BG1,OUR LAST NAME BIGGI IS PRONOUNCED BG.  NUMBER ONES ON BOTH SIDES OF THE NAME.,"COULD BE ONE BIG ONE, REFERENCING A MANS PENIS",N,1
21798,3,POS FRD,POSITIVE FRIENDS,PIECE OF SHIT,N,3
22154,1,BLU 1DER,BLUE WONDER-THE VEHICLE COLOR IS BLUE,"BLUE, GANG REFERENCE",Y,2
22235,1,RAPTOR N,RAPTORING FOR A FORD RAPTOR TRUCK,PULLING FOR N,Y,1
13893,2,THE BAUM,THEO BAUM FIRST AND LAST NAME,THE BOMB,N,
18542,3,GTKILLA,GOOD TQUILA,OR GT KILLA(KILLER),N,
16820,0,ADBEGNZ,FAMILY NAME,"GUNS, NOT LAST NAME",N,2
882,3,WELUVPS,WE LOVE PALM SPRINGS,LOOKS LIKE WE LOVE PUSSY,N,1
18956,1,COPMNOT,GOING ON A CROWN VICTORIA POLICE INTERCEPTOR. LETTING EVERYONE IM NOT A COP.,COP,N,5
4405,0,ELITE 18,ELITE 18,18-HITLER,N,2
35,0,67 PINK,NO MICRO AVAILABLE,PINK,N,1
14584,0,37RED,MODEL OF VEHICLE,"RED, GANG REFERENCE",Y,2
13051,0,SEXY B7,"THIS JUST MEANS THAT THE CAR LOOKS GOOD, BECAUSE AS A CAR ENTHUSIAST I TRY MY BEST TO KEEP IT CLEAN AND NICE WITH EVERY MODIFICATION I MAKE. I WAS ALREADY DENIED ONCE",PULLED FOR SEXY,Y,2
488,2,KLYNSFX,KAYLYNS FOX,CLEAN AS FUCK,N,3
22433,1,AKBREW2,ALASKAN BREWING,"AK AS IN GUN - AK BREW out since 2009, no complaints",Y,2
10534,1,1 RDSKN,NUMBER 1 WASHINGTON REDSINS FAN. MY FAVORITE NFL TEAM,REDSKIN-RACIAL,N,2
8289,0,31ODOGS,"I HAVE A DOG TRAINING BUSINESS IN SANTA MONICA AND BEVERLY HILLS, THE 310 IS THE AREA CODE",310 DOGS? SO CAL AREA CODE,N,7
5131,1,RYITBLU,RED WHITE BLUE,BLU,Y,2
10563,0,HAILLLM,MY NAME AND LAST INITIAL,SOUNDS LIKE HELL,N,2
9839,1,CLN TDI,CLEAN TDI (DIESEL),LOOKS LIKE CLEAN TITTY TDI IS A CAR,Y,
4032,2,FN RAMS,FAN RAMS,FUCKING RAMS,N,3
13843,0,MRDRMER,MY FATHERS CHILDHOOD NICKNAME (MORDERMER?),MURDER,N,
628,0,X32 TUB,GOOD LUCK,BUTT SEX,N,1
4154,2,PHAUXTO,NO MICRO,FUCKS TOO,N,3
21977,1,51OAK,AREA CODE/ CITY,AREA CODE,N,2
3762,1,TAKO TRK,TACO TRUCK,TACO=FEMALE ANATOMYâ€¦,N,1
1319,0,GRGULT18,no micro,18 HITLER REFERENCE,N,2
17906,2,CRWD KLA,COMPANY INITIALS PLUS LOCATION OF COMPANY LOS ANGELES,CROWD KILLER,N,2
19078,2,OGSLICE,ORANGE SLICE,OG ORIGINAL GANGSTER SLICE=NICKNAME,N,
10484,2,HTBTCH,ATTRACTIVE LADY,hot bitch,N,3
18991,3,CHINO 13,CITY I LIVE IN,"13=GANG NUMBER, NO 2013 CAR ON ANI",N,2
17972,0,KATS13,nickname bday,GANG NO 2013 CAR ON ANI,N,2
13486,2,BLINKAF,BLINK ALWAYS & FOREVER,BLINK AS FUCK,N,3
20120,3,NEGRADF,SPANISH MEANING FOR ; NEGRA=BLACK D=OFF,"DF=DA FUCK OR DUMB FUCK. OR COULD BE ABBREVIATION FOR MEXICO CITY (FEDERAL DISTRICT, THE CAPITAL) NEGRA=BLACK",N,3
6362,1,MRSUCIO,MR SUCIO MEANS MR DIRT NICKNAME BECAUSE IM ALWAYS DRIVING IN THE DIRTS ROADS,SEXUAL REFERENCE,N,1
10015,2,STUS WLY,NAME AND JEEP MODEL,"STUS WILLY, WILLIE=PENISâ€¦ NO JEEP ON ANI",N,1
1811,2,WALK BCH,WALK ON THE BEACH,WALK BITCH,N,
20607,2,PHOK1T,FAVORITE SOUP PLUS INITIAL/DAUGHTER AGE,SIMILAR TO FUCK IT,N,3
2811,2,ILOVECM,I LOVE CESAR MEZA MY HUSBAND,LOOKS LIKE I LOVE CUM,N,1
19405,1,2LVNDIE,TO LOVE AND DIE,PULLED FOR DIE,Y,2
16669,0,P13DETS,DETACHMENT NUMBER,"13, GANG REFERENCE",N,2
441,0,BOMYUSA,NONE,BOMB?,N,7
23423,0,NORTH 13,LIVE IN NORTH AND BIRTHDAY,"13=GANG NUMBER, NO 2013 ON ANI",N,2
4367,2,UCNGTIT,NOT ON QUICKWEB YET,"YOU CAN GET IT, SEXUAL CONNOTATION",N,1
6579,2,YRAPUNK,YOU ARE A PUNK. THIS IS AN ENDEARING TERM IN OUR FAMILY,YOURE A PUNK,N,2
21907,2,SREDRUM,FROM THE MOVIE THE SHINING. LITTLE BOY WRITES THIS ON WALL.,IT SAYS MURDERS BACKWARDS,N,2
2030,2,FK OIL,MY CAR DOES NOT CONTRIBUTE TO THE SCUM OF OIL,FUCK OIL,N,3
4075,1,GILZ442,GILZ IS MY NAME AND 442 IS THE MODEL OF THE CAR,442 AREA CODE,Y,2
8088,1,BLEU NV,BLUE ENVY,BLUE-GANG,N,7
15592,1,SMKGTIR,SMOKING TIRE,"SMOKING, DRUG REFERENCE",Y,7D
17141,1,HGOKAT1,MY NAME AND WIFES NAME,"pulled for cat=pussy, I checked ani and his wife is Katherine (no cat car)",Y,1
18883,0,IROC 88,MODEL OF CAR IRON YEAR OF CAR 88,88 = HATE NUMBER (NO 1988 ON ANI),N,2
21534,1,GNZNAMO,GUNS AND AMMO,GUNS AND AMMO,N,2
9731,0,PSY2CME,ADVERTISEMENT FOR PSYCHOLOGICAL WORK,LOOS LIKE PSY PUSSY,N,1
16448,2,BCHLILY,BEACH - LILY (NAME),BCH = BITCH ILY=I LOVE YOU?,N,3
11278,0,8 Q 5,805 AREA CODE,805=AREA CODE,N,2
14626,2,HIEYO,"SCOOTER IS SILVER, SO LIKE THE LONE RANGER  SAID: HIE YO SILVER AWAY","HI-YO, A RIDERS CALL",N,7D
3068,0,GT4NA88,NO MEANING,88 HITLER REFERENCE,N,2
16193,3,BJAVNTR,BERT AND JEN ADVENTURE. ROAD TRIP VEHICLE,BJ=SEXUAL REFERENCE?,N,1
16882,2,5MFKIDS,MY WIFE AND I HAVE 5 KIDS. IT MEANS MISSY AND FREDDYS WITH 5 KIDS,FIVE MOTHERFUCKING KIDS!,N,3
6752,1,BLLNDRT,BALL IN DIRT-BASEBALL REFERENCE,BALLIN OR BALLS IN THE DIRT,N,1
16030,0,YYL YYY,ITS MY NAME~,CONFIGURATION,N,6
9318,1,GFATHER,GOOD DAD,GODFATHER? GFATER?,N,7
12688,2,SHHKAKA,SHIKAKA,KAKA=SHIT,N,3
9113,2,MURDRAF,NO MICRO,MURDER AS FUCK,N,3
2230,0,14 FCG,NO MICRO,14-HITLER,N,2
21968,0,MLE BLU,MY NAME (EMILY BLUSHTEIN),"BLUE, GANG REFERENCE",Y,2
265,2,FUQYOU1,SENTIMENTAL REASONS,FUCK YOU,N,3
1310,3,I WAX M,WASH AND WAX CARS FOR A LIVING. MEANS I WAX CARS.,"I WAXEM, WAX COULD BE TO WAX PRIVATES OR TO HAVE SEX",N,1
2694,2,CULI SIN,CULI-CULIACAN. SIN-SINALOA,"CULI, PLURAL CULO, ASS",N,1
1600,0,F  1987,YEAR OF BIRTH,FUCK 1987 (CUSTOMER IS FELIPE),N,3
10626,1,2LONG4U,TOO LONG FOR YOU,TOO LONG FOR YOU (SEXUAL?),N,1
21408,1,UBER RED,I DRIVE FOR UBER BUT DO NOT QUALIFY FOR UBER BLACK SINCE MY CAR IS RED. SO I AM UBER RED,"RED, GANG REFERENCE",Y,2
11411,1,KCKRCKS,KICK ROCKS,KICK ROCKS WHICH IS OFFENSIVE,Y,D
4630,2,GYSOT 69,GET YOU SOME OF THAT 69 EL CAMINO,GET YOU SOME OF THAT 69(SEXUAL),N,2
7323,0,NG G ON,DRIVERS NAME,G AS IN GANGSTER,N,2
5050,1,TUG,THANK YOU GOG(GOOD OLD GAMES),"TUG=MASTERBATE, WANK",N,1
7047,1,BABEBLU,WE LOVE OUR NEW BLUE VEHICLE!,BLUE,Y,2
20272,2,WT WLY,CUSTOM PLATE FOR MY WILLYS OVERLAND CJ2A,"WET WILLY, 2 SIMILAR CONFIGURATIONS ARE UNACCEPTABLE. PULLED BECAUSE OF WET AND WILLY BUT A WET WILLY ISNT SEXUAL",N,1
6581,0,8THAN 18,SONS NAME,18 HITLER REFERENCE,N,2
9757,2,YARAK 1,"A SUPER-ALERT STATE WHERE THE BIRD IS HUNGRY, NOT WEAK, AND READY TO HUNT",YARAK IS DICK IN TURKISH,N,3
22504,1,HI SEC,INITALS FOR SECURITY COMPANY,HIGH (Customers name is Henry Ivey),Y,D7
19224,0,LORDV,MY NAMES IS VASILIOS AND I GO BY V. VASILIOS MEANS KING IN GREEK AND SO I CHOOSE LORD BECAUSE KING WAS UNAVAILABLE,"THE V COULD STAND FOR VAGINA, LORD VAGINA",N,1
7434,0,88 WOOF,NO MICRO,88-HITLER RELATED,N,7
16470,0,CALLRED,FIRST INITIAL AND LAST NAME,RED = GANG COLOR,Y,2
7077,2,NTBFW,"NOT TO BE F* WITH, TRADEMARK OWNED BY VEHICLE OWNER.",NOT TO BE FUCKED WITH,N,3
21916,2,XXXTHOR,THOR IS MY MIDDLE NAME AND IT HAS MEANING TO ME BECAUSE I AM ADOPTED AND IT IS MY BIRTH MOMS BROTHERS NAME.,XXX=PORN THOR(GOD),N,1
3190,2,1OGSEX3,MY VEHICLE IS A 1963 SS IMPALA,OG SEX,N,1
16979,2,BGDYRTY,BIG DIRTY - TRUCK,BIG DIRTY,N,1
12844,1,HOODOO9,A HOODOO IS A TALL THIN ROCK SPIRE.  HOODOOS ARE FOUND IN THE DESERT DRY HOT AREAS,THE D BLENDS IN WITH THE OS AND MAKES IT LOOK LIKE A LOOK ALIKE,Y,6
20728,0,888LI88,LAST NAME AND FAVORITE NUMBER,88 HITLER REFERENCE,N,2
8398,1,POLEDCR,POLE DANCER,POLE DANCER,Y,1
23280,1,SICEVOX,NICE EVOLUTION 10,CAN NOT TRANSLATE,Y,
15714,0,XHINGON,AWESOME (FROM ORIGINAL CRYSTAL IN 2014),"***THIS IS A DUPLICATE, ONLY SAY NO IF YOU WANT TO RECALL. THIS IS JUST FYI. CHINGON=BADASS IN SPANISH, WE USUALLY DENY",R,3
15209,0,TTMOT,ITS SOMETHING MY GRANDMOTHER USED TO SAY. IT MEANS TIGER TEMPER MOTHER OF TARZAN. SHE WOULD SAY IT TO ME WHEN I WAS LITTLE AND THROWING A TEMPER TANTUM.,TT AS IN BREAST,N,1
15030,2,SLIPN1R,"SLEIPNIR -- ODENS 8 LEGGED HORSE, SIMPLY MEANING THAT MY TRUCK GOES ANYWHERE.",SLIP IN HER,N,
7335,2,9INERUP,FOOTBLL FAN. GO 49ERS,NINER UP,Y,2
142,1,7O7 PLUS,707 HORSEPOWER PLUS A LITTLE MORE,707 AREA CODE,Y,2
9741,1,4TNT,FOR TNT,TNT-EXPLOSIVES? THERE ARE SOME TNT PLATES OUT THERE,N,2
21381,2,PNT DRPA,"SLOGAN,SAYING","PANTY DROPPER, SEXUAL REFERENCE",N,1
5400,2,DAAM DNL,"DO ALL AROUND MINDFUL DEEDS, NEVER LESS",DAMN DANIEL,N,3
16718,0,SUN9988,"MY LAST NAME IS SUN, 9988 IS MY LUCY NUMBER","88, GANG REFERENCE",N,2
18470,1,922O7,DATE OF ANIVERSARY,ALL DIGITS,Y,6
16010,1,ROLN DTY,ROLLING DIRTY,"ROLLING DIRTY, DRUG/GUN REFERENCE",N,7D
4756,2,HLCTKLR,BECAUSE ITS A MUSTANG AND I USED TO HAVE A THING FOR THE HELLCAT BUT I LIKE THE MUSTANG BETTER SO I THOUGHT THIS WOULD BE KIND OF A COOL PLATE,HELLCAT KILLER,N,2
3677,2,BUMBAI,no micro,TAGOLOG SLANG FOR DARKER SKIN PEOPLE,Y,2
19475,1,PULLOVA,PULL OVER,PULL OVER,N,2
22915,1,DA$BLUD,THE MONEY BLOOD,BLUD = BLOOD?,N,2
6618,0,PSE BOW,PERSONAL SALES EXCUTIVE BOWLS AND COMPANY,PSE-PORN STAR EXPERIENCE  1748 UP 371 DOWN,N,1
23293,2,WOOSH AF,MY CAR MAKES A WOOSH MOISE BECAUSE ITS TURBO CHARGED,WOOSH=FAST AS FUCK,N,3
8433,2,SLGN1NK,family initials,SLINGING INK,Y,3?
16077,0,YJ MUD,YJ IS THE JEEP MODEL,DRUG REFERENCE,N,7D
7841,2,PHUC 48,VIETNAMESE MALE NAME AND YEAR OF CAR,PHUC-FUCK 48,N,3
11459,0,EPOOT,ALIAS ON THE INTERNET,"POOT=FART, INAPPROPRIATE",N,3
10623,0,14CS 1O1,NO MICRO,14-HITLER,N,7
122,1,FUNKLFE,FUNK MUSIC LIFESTYLE,LOOKS LIKE FUCK LIFE,Y,3
383,2,H8 NONE,NO MICRO,HATE NO ONE,N,7
7091,1,H$MEGRL,HOME GIRL,"HOME GIRL. HOMETOWN GIRL. NOT NORMALLY USED AS A GANG REFERENCE, BUT INTERNETSLANG SAYS IT CAN BE.",Y,7
15318,2,ANGY BEE,ANGY BEE FOR THE DODGE CHALANGER RUMBLE BEE TYPE,ANGRY BEE,Y,3
21818,0,13R3WSS,13 FOR BLAZER R3W FOR ANDREW R3W SS FOR SUPER SPORT,13 GANG REFERENCE,N,2
8646,2,CARTEL,"ITS FOR A 1947 CADILLAC, AND THE CAR CLUB NAME IS CADILLAC CARTEL CAR CLUB WE DO HOMELESS EVENTS",CARTEL AS IN DRUG CARTEL,N,2
1257,2,IM12IN,THE SAYING STANDS FOR ME BEING A FAN OF FOOTBALL TEAM.,IM 12 INCHES (SEXUAL REFERENCE),N,1
2863,2,DOGBARF,"WE HAVE A SERVICE ANIMAL, AND WORK WITH FOSTER ANIMALS AND TRYING TO FIND HOMES FOR RESCUED ANIMALS",DOG BARF,N,3
3386,0,JENL 13,"MY FIRST NAME AND LAST INITIAL, PLUS MY BIRTHDAY",13 GANG REFERENCE,N,2
10470,2,2 FUXGVN,NEPHEWS NUMBER AND LITTLE LEAGUE TEAM  NAME,TWO FUCKS GIVEN,N,3
18378,0,CHLE88,"CHLOE  IS MY DAUGHTERS NAME, IVE USE THE HEART SYMBOL FOR THE  O AND 88 IS MY LUCKY NUMBER","88, GANG REFERENCE",N,2
1718,3,FNPWRFL,FEAR NOT POWER FEAR LOVE,OR FUCKING(FN) POWERFUL,N,3
13224,1,JONESIN,"OUR LAST NAME IS JONES, ITS FOR THE FAMILY VINTAGE BRONCO, THE JONESS ARE IN","AN EXTREME CRAVING, USUALLY FOR A DRUG. LAST NAME IS JONES.",N,7D
22875,2,ROD LVRS,CAR LOVER,ROD LOVERS,N,1
20085,1,BLK HMER,BLACK HAMER,HAMMER CAN BE A PENIS OR A GUN. ALSO NO HUMMER ON ANI,N,"1,2"
23271,1,MICH 55,MICHIGAN 1955,MITCH IS DEROGATORY MALE VERSION OG BITCH,Y,2
5691,0,DYCEKUP,I MANUFACTURE DICE CUPS,CAN NOT TRANSLATE,Y,1
10725,2,IAM1DAF,I AM ONE DIRECTION ALWAYS AND FOREVER,I AM ONE DUMB ASS FUCKER,N,
12197,0,RS 231,NO MICRO,PULLED FOR RS WHICH CAN MEAN REAL SHIT,Y,3
17147,2,KXKXKKX,I HAD THIS LICENSE PLATE ON A BICYCLE WHEN I WAS A CHILD I WOULD LIKE TO HAVE IT ON MY VEHICLE,XXX=PORN AND KKK,N,1
10106,0,BEAU 619,NO MICRO,619 AREA CODE,N,7
11271,0,STLGANG,PITTSBURGH STEELERS FOOTBALL FANS AND PLATE COLOR IS TEAM COLORS,PULLED FOR GANG,N,2
14507,2,HIYBALL,THE TERM HIGH BALL IN THE RAILROAD  INDUSTRY MEANS GOOD TO GO.,HIBALL = DRUG,N,7D
14709,2,D2TW,DEAD TO THIS WORLD,DEAD TO THIS WORLD OR DEATH TO THE WORLD,N,2
16705,0,9OOO,"4# PLATE , HAVE ALSO ORDERED 7001",ALL DIGITS,Y,6
3315,0,MINI 13,ITS FOR MY MINI COOPER AND 13 IS MY LUCKY NUMBER.,NO 2013 CAR 13=GANG NUMBER,N,2
11542,3,M8T MDGT,STRONG LITTLE MAN,MIGHTY MIDGET,N,2
9703,0,LUSCAKE,MY GRAND-DAUGHTER IS A BAKER AND RUNS A BUSINESS NAMED LUSCIOUS CAKES,CAKE=ASS,N,1
20402,1,MYTWNGZ,MIGHTY WINGS,"LOOKS LIKE IT COULD BE MY TWIN GS, GANG REFERENCE",Y,2
7151,1,REDBONZ,REDBONE HOUND DOGS,RED-GANG,N,7
15797,1,LE SINGE,LE SINGE IS FRENCH FOR THE MONKEY,MONKEY,N,1
1249,0,PILUNGO,NICKNAME,COULDNT FIND ANYTHING ON WORD BUT GOOGLE IMAGES ON SOME OF THE PICTURES MANS PENIS,N,1
1370,0,MIKOC88,MICHAEL CASTRO 1988,88-HITLER,N,2
16224,0,MISTA88,MISTER 88 (88 IS RECIPIENTS BIRTH YEAR AND  LUCKY NUMBER),"88, GANG REFERENCE",M,2
4389,0,HELL SS,"THE LICENSE PLATES ARE FOR A CAMARO SS, SO THE SS IS TO REPRESENT THE CAR AND HELL IS SHORT FOR HELLA. TRAYING TO SAY THAT ITS HELLA FAST.",COULDNT VERIFY DODGE,Y,3
6747,1,3PRCTR,3 PERCENTER REFERS TO THE ORIGINAL COLONISTS WHO OPPOSED BRITISH TYRANNY,"AN ANTI GOVERNMENT EXTREMIST MOVEMENT, 3 PERCENTER",N,2
15489,2,FEXTASY,FINAL EDITION (FE) EVO AND XTASY IS THE NAME OF MY CAR.,"EXTASY, DRUG REFERENCE",N,7D
121,2,D JERK,MY WIFE CALLS ME THAT ITS MY NICK NAME,THE(DA) JERK,N,2
3780,0,DIAZ 88,NO MEANING ON QUICKWEB YET,"88=hate symbol, no 88 motorcycle",N,2
353,0,CARLEY8,NONE,"ATE, CUSTOMER NAME ISNT CARLEY",Y,1
7765,3,YHTYGRL,YACHT GIRL(LIKE BOATS),OR WHITE GIRL,N,7
23431,3,SPRTN14,SPARTAN 2014,14=HATE SYMBOL,N,2
10965,2,HEL TITI,KIDS NAME,"HELL, TITI=PENIS IN TAGALOG",N,"3, 1"
18003,0,SQURL 13,SQUIRREL 13,"13=GANG, NO 2013 ON ANI",N,2
7832,0,J FN B,NO MICRO,FN-FUCKEN. J N B ARE FIST N LAST NAME INTIALS BUT FN IS NOT MIDDLE INTIALS,N,3
10866,0,TACO 157,NO MICRO,TACO-VAGINA,N,1
11723,0,1DOHCSI,REPRESENTS CAR ENGINE AND MODEL,CSI=CRIME SCENE INVESTIGATOR (POLICE),Y,5
22885,2,2BAKIDD,TO BE AUSTON KIDD,2 BAD ASS KID(S),N,3
3725,1,DBL TAP,"DOBULE TAP, GUN REFEREMNCE","***this is a DUPLICATE** only say NO if you want to RECALL** double tap is two bullets in rapid succession, usu in the head; a kill shot. Customer is Confidential (FBI). Original T00 was in 2000",Y,2
796,0,JANET88,LUCKY NUMBER,88-HITLER,N,2
992,2,RIPIMP C,REST IN PEACE CHAD BUTLER,RIP(REST IN PEACE) PIMP C,N,2
17638,0,4517OC2,I S THE ACTUAL PLATE,LOOK ALIKE,N,6
8275,2,FCK PRZ,"FCK IS THE SOCCER TEAM I PLAYED FOR IN GERMANY, FC KAISERSLAUTERN. PRZ IS THE COMPANY I CO-OWN (PERSCRIPTION ROOT ZONE) INTERNATIONAL SPORT TURF CONSULTING",FUCK (PRESIDENT?),N,3
21731,0,88NLGNA,88 STEPSIDE,88 = HATE NUMBER(1988 CHEVY ON ANI),N,2
11716,0,PD LAW 1,PUBLIC DEFENSE LAW,PD=POLICE DEPT,N,5
4648,2,BLUJANE,FICTIONAL CHARACTER,BLUE JANE,N,2
18726,0,LH8,CHINESE FOR GOOD LUCK,PULLED FOR H8 = HATE,Y,2
5853,3,1ST MSLE,1ST MUSCLE CAR,OR 1ST MISSILE,N,2
16443,0,AFL PIES,FOOTBALL TEAM COLLINGWOOD FROM THE AUSTRALIAN FOOTBALL LEAGUE,PULLED FOR PIES,N,1
12966,0,88STLRS,STEELERS NUMBER 88,"88, GANG REFERENCE",N,2
22399,0,PELIA G,MY NEPHEW NAME,G AS IN GANGSTER THIS IS NOT THE CUSTOMER S INITIALS,N,2
3765,2,TIHSONO,NICK NAME,"OH, NO SHIT (BACKWARDS)",N,3
17300,0,DOT6K18,FAVORITE LETTERS AND NUMBERS,"18, GANG REFERENCE",N,2
18355,2,STUFU1,"STUFU IS ABBREVIATION FOR MY NAME, STUART FUJISAKI",STU=STUPID FU=FUCK,N,3
2727,2,#HATIN,FIVE HATS,STOP HATING,N,2
16628,3,BZQUEEN,BUSY QUEEN,BZ CAN STAND FOR BITCH,N,3
21824,0,9DOPE2,IT MEANS COOL AND 92 FOR THE YEAR I WAS BORN,DOPE AS IN DRUGS,N,D7
19209,0,FLADYZ,FAIRLADY Z,"THE F COULD STAND FOR FUCK, FUCK LADY Z",N,3
8063,0,BB II,BLACK BELT CHEVY II,BB LOOKS LIKE 88,N,2
18549,2,I FAP,OFTEN USED TO SUGGEST THAT SOMETHING IS ATTRACTIVE.,I FAP(MASTURBATE),N,
21337,0,GS 718,MY FIRST INITIALS - GS AND PORSCHE MODEL 718,"G, GANG REFERENCE",N,2
5831,2,OSX4EVA,I AM SYSTEMS ADMIN AND USE MAC OS X. IT IS A TRIBUTE TO THE NAME OF THE SOFTWARE.,O(ORAL) SEX FORVER,N,1
19137,0,818PAPI,IM EMPLOYED BY THE CITY OF LOS ANGELES IN THE SAN FERNANDO VALLEY AND I GO BY THE NAME OF PAPI.,818 AREA CODE,N,
